[
  {
    "name": "com.amazonaws.services.lambda.runtime.events.APIGatewayV2HTTPEvent",
    "allDeclaredFields": true,
    "allDeclaredMethods": true,
    "allDeclaredConstructors": true
  },
  {
    "name": "com.amazonaws.services.lambda.runtime.events.APIGatewayV2HTTPEvent$RequestContext",
    "allDeclaredFields": true,
    "allDeclaredMethods": true,
    "allDeclaredConstructors": true
  },
  {
    "name": "com.amazonaws.services.lambda.runtime.events.APIGatewayV2HTTPEvent$RequestContext$Authorizer",
    "allDeclaredFields": true,
    "allDeclaredMethods": true,
    "allDeclaredConstructors": true
  },
  {
    "name": "com.amazonaws.services.lambda.runtime.events.APIGatewayV2HTTPEvent$RequestContext$Authorizer$JWT",
    "allDeclaredFields": true,
    "allDeclaredMethods": true,
    "allDeclaredConstructors": true
  },
  {
    "name": "com.amazonaws.services.lambda.runtime.events.APIGatewayV2HTTPEvent$RequestContext$CognitoIdentity",
    "allDeclaredFields": true,
    "allDeclaredMethods": true,
    "allDeclaredConstructors": true
  },
  {
    "name": "com.amazonaws.services.lambda.runtime.events.APIGatewayV2HTTPEvent$RequestContext$Http",
    "allDeclaredFields": true,
    "allDeclaredMethods": true,
    "allDeclaredConstructors": true
  },
  {
    "name": "com.amazonaws.services.lambda.runtime.events.APIGatewayV2HTTPResponse",
    "allDeclaredConstructors": true,
    "allPublicConstructors": true,
    "allDeclaredMethods": true,
    "allPublicMethods": true,
    "allDeclaredClasses": true,
    "allPublicClasses": true
  }
]
