[
  {
    "name": "com.amazonaws.lambda.thirdparty.com.fasterxml.jackson.databind.deser.Deserializers[]"
  },
  {
    "name": "com.amazonaws.lambda.thirdparty.com.fasterxml.jackson.databind.ext.Java7HandlersImpl",
    "methods": [{ "name": "<init>", "parameterTypes": [] }]
  },
  {
    "name": "com.amazonaws.lambda.thirdparty.com.fasterxml.jackson.databind.ext.Java7SupportImpl",
    "methods": [{ "name": "<init>", "parameterTypes": [] }]
  },
  {
    "name": "com.amazonaws.lambda.thirdparty.com.fasterxml.jackson.databind.ser.Serializers[]"
  },
  {
    "name": "org.joda.time.DateTime",
    "allDeclaredConstructors": true,
    "allPublicConstructors": true,
    "allDeclaredMethods": true,
    "allPublicMethods": true,
    "allDeclaredClasses": true,
    "allPublicClasses": true
  }
]
